Winner,Pts,Loser,Pts
,,,
Jacksonville State,17,Texas-El Paso,14
Louisiana Tech,22,Florida International,17
Massachusetts,41,New Mexico State,30
(13) Notre Dame,42,Navy,3
San Diego State,3,Ohio,0
(6) Southern California,56,San Jose State,28
Vanderbilt,35,Hawaii,28
Alabama-Birmingham,35,North Carolina A&T,6
Arizona State,24,Southern Utah,21
Central Florida,56,Kent State,6
Georgia State,42,Rhode Island,35
Minnesota,13,Nebraska,10
Missouri,35,South Dakota,10
North Carolina State,24,Connecticut,14
Tulsa,42,Arkansas-Pine Bluff,7
(14) Utah,24,Florida,11
Wake Forest,37,Elon,17
Western Michigan,35,St. Francis (PA),17
Eastern Michigan,33,Howard,23
Kansas,48,Missouri State,17
Louisville,39,Georgia Tech,34
Miami (FL),38,Miami (OH),3
Michigan State,31,Central Michigan,7
Stanford,37,Hawaii,24
Air Force,42,Robert Morris,7
(4) Alabama,56,Middle Tennessee State,7
Appalachian State,45,Gardner-Webb,24
Arizona,38,Northern Arizona,3
Arkansas,56,Western Carolina,13
Auburn,59,Massachusetts,14
Brigham Young,14,Sam Houston,0
California,58,North Texas,21
Charlotte,24,South Carolina State,3
Cincinnati,66,Eastern Kentucky,13
Colorado,45,(17) Texas Christian,42
Florida Atlantic,42,Monmouth,20
Florida International,14,Maine,12
Fresno State,39,Purdue,35
(1) Georgia,48,Tennessee-Martin,7
Georgia Southern,34,Citadel,0
Houston,17,Texas-San Antonio,14
Illinois,30,Toledo,28
(25) Iowa,24,Utah State,14
Iowa State,30,Northern Iowa,9
Jacksonville State,49,East Tennessee State,3
James Madison,38,Bucknell,3
(16) Kansas State,45,Southeast Missouri State,0
Kentucky,44,Ball State,14
Liberty,34,Bowling Green,24
Louisiana,38,Northwestern State,13
Louisiana-Monroe,17,Army,13
Marshall,21,Albany,17
Maryland,38,Towson,6
Memphis,56,Bethune-Cookman,14
(2) Michigan,30,East Carolina,3
(22) Mississippi,73,Mercer,7
Mississippi State,48,Southeastern Louisiana,7
Nevada-Las Vegas,44,Bryant,14
New Mexico State,58,Western Illinois,21
(21) North Carolina,31,South Carolina,17
Northern Illinois,27,Boston College,24
(13) Notre Dame,56,Tennessee State,3
Ohio,27,Long Island,10
(3) Ohio State,23,Indiana,3
(20) Oklahoma,73,Arkansas State,0
Oklahoma State,27,Central Arkansas,13
(15) Oregon,81,Portland State,7
(7) Penn State,38,West Virginia,15
Pittsburgh,45,Wofford,7
San Diego State,36,Idaho State,28
(6) Southern California,66,Nevada,14
Southern Methodist,38,Louisiana Tech,14
Southern Mississippi,40,Alcorn State,14
Syracuse,65,Colgate,0
Temple,24,Akron,21
(12) Tennessee,49,Virginia,13
(11) Texas,37,Rice,10
(23) Texas A&M,52,New Mexico,10
Texas State,42,Baylor,31
Texas-El Paso,28,Incarnate Word,14
Troy,48,Stephen F. Austin,30
(24) Tulane,37,South Alabama,17
UCLA,27,Coastal Carolina,13
Vanderbilt,47,Alabama A&M,13
Virginia Tech,36,Old Dominion,17
(10) Washington,56,Boise State,19
Washington State,50,Colorado State,24
Western Kentucky,41,South Florida,24
(19) Wisconsin,38,Buffalo,17
Wyoming,35,Texas Tech,33
(8) Florida State,45,(5) Louisiana State,24
(18) Oregon State,42,San Jose State,17
Rutgers,24,Northwestern,7
Duke,28,(9) Clemson,7
Louisville,56,Murray State,0
Indiana,41,Indiana State,7
Kansas,34,Illinois,23
Air Force,13,Sam Houston,3
Akron,24,Morgan State,21
Arkansas,28,Kent State,6
Army,57,Delaware State,0
Auburn,14,California,10
Boston College,31,Holy Cross,28
Bowling Green,38,Eastern Illinois,15
Brigham Young,41,Southern Utah,16
Central Florida,18,Boise State,16
Central Michigan,45,New Hampshire,42
Cincinnati,27,Pittsburgh,21
(25) Clemson,66,Charleston Southern,17
Coastal Carolina,30,Jacksonville State,16
(22) Colorado,36,Nebraska,14
(21) Duke,42,Lafayette,7
Florida,49,McNeese State,7
Florida International,46,North Texas,39
(4) Florida State,66,Southern Mississippi,13
Fordham,40,Buffalo,37
Fresno State,34,Eastern Washington,31
(1) Georgia,45,Ball State,3
Georgia Southern,49,Alabama-Birmingham,35
Georgia State,35,Connecticut,14
Georgia Tech,48,South Carolina State,13
Idaho,33,Nevada,6
Iowa,20,Iowa State,13
James Madison,36,Virginia,35
(15) Kansas State,42,Troy,13
Kentucky,28,Eastern Kentucky,17
Liberty,33,New Mexico State,17
(14) Louisiana State,72,Grambling State,10
Louisiana Tech,51,Northwestern State,21
Louisiana-Monroe,24,Lamar,14
Marshall,31,East Carolina,13
Maryland,38,Charlotte,20
Memphis,37,Arkansas State,3
Miami (FL),48,(23) Texas A&M,33
Miami (OH),41,Massachusetts,28
(2) Michigan,35,Nevada-Las Vegas,7
Michigan State,45,Richmond,14
Minnesota,25,Eastern Michigan,6
(20) Mississippi,37,(24) Tulane,20
Mississippi State,31,Arizona,24
Missouri,23,Middle Tennessee State,19
Navy,24,Wagner,0
New Mexico,56,Tennessee Tech,10
(17) North Carolina,40,Appalachian State,34
Northwestern,38,Texas-El Paso,7
(10) Notre Dame,45,North Carolina State,24
Ohio,17,Florida Atlantic,10
(5) Ohio State,35,Youngstown State,7
(18) Oklahoma,28,Southern Methodist,11
Oklahoma State,27,Arizona State,15
Old Dominion,38,Louisiana,31
(13) Oregon,38,Texas Tech,30
(16) Oregon State,55,California-Davis,7
(7) Penn State,63,Delaware,7
Purdue,24,Virginia Tech,17
Rice,43,Houston,41
Rutgers,36,Temple,7
San Jose State,59,Cal Poly,3
South Alabama,35,Southeastern Louisiana,17
South Carolina,47,Furman,21
South Florida,38,Florida A&M,24
(6) Southern California,56,Stanford,10
Southern Illinois,14,Northern Illinois,11
Syracuse,48,Western Michigan,7
(9) Tennessee,30,Austin Peay,13
(11) Texas,34,(3) Alabama,24
Texas Christian,41,Nicholls State,6
Texas-San Antonio,20,Texas State,13
Toledo,71,Texas Southern,3
UCLA,35,San Diego State,10
(12) Utah,20,Baylor,13
Utah State,78,Idaho State,28
Wake Forest,36,Vanderbilt,20
(8) Washington,43,Tulsa,10
Washington State,31,(19) Wisconsin,22
West Virginia,56,Duquesne,17
Western Kentucky,52,Houston Baptist,22
Wyoming,31,Portland State,17
Hawaii,31,Albany,20
Memphis,28,Navy,24
(22) Miami (FL),48,Bethune-Cookman,7
Air Force,39,Utah State,21
Army,37,Texas-San Antonio,29
Maryland,42,Virginia,14
(10) Alabama,17,South Florida,3
Appalachian State,43,East Carolina,28
Arizona,31,Texas-El Paso,10
Arkansas State,31,Stony Brook,7
Auburn,45,Samford,13
Ball State,45,Indiana State,7
Baylor,30,Long Island,7
Boise State,42,North Dakota,18
Brigham Young,38,Arkansas,31
California,31,Idaho,17
Central Florida,48,Villanova,14
Clemson,48,Florida Atlantic,14
Coastal Carolina,66,Duquesne,7
(18) Colorado,43,Colorado State,35
(21) Duke,38,Northwestern,14
Eastern Michigan,19,Massachusetts,17
Florida,29,(11) Tennessee,16
Florida International,24,Connecticut,17
(3) Florida State,31,Boston College,29
Fresno State,29,Arizona State,0
(1) Georgia,24,South Carolina,14
Georgia State,41,Charlotte,25
(25) Iowa,41,Western Michigan,10
James Madison,16,Troy,14
Kansas,31,Nevada,24
Kent State,38,Central Connecticut State,10
Kentucky,35,Akron,3
Liberty,55,Buffalo,27
Louisiana,41,Alabama-Birmingham,21
(14) Louisiana State,41,Mississippi State,14
Louisville,21,Indiana,14
Miami (OH),31,Cincinnati,24
(2) Michigan,31,Bowling Green,6
Middle Tennessee State,35,Murray State,14
(17) Mississippi,48,Georgia Tech,23
Missouri,30,(15) Kansas State,27
Nebraska,35,Northern Illinois,11
Nevada-Las Vegas,40,Vanderbilt,37
New Mexico State,27,New Mexico,17
(20) North Carolina,31,Minnesota,13
North Carolina State,45,Virginia Military Institute,7
North Texas,40,Louisiana Tech,37
(9) Notre Dame,41,Central Michigan,17
Ohio,10,Iowa State,7
(6) Ohio State,63,Western Kentucky,10
(19) Oklahoma,66,Tulsa,17
(13) Oregon,55,Hawaii,10
(16) Oregon State,26,San Diego State,9
(7) Penn State,30,Illinois,13
Rice,59,Texas Southern,7
Rutgers,35,Virginia Tech,16
Sacramento State,30,Stanford,23
South Alabama,33,Oklahoma State,7
Southern Methodist,69,Prairie View A&M,0
Syracuse,35,Purdue,20
Temple,41,Norfolk State,9
(4) Texas,31,Wyoming,10
Texas A&M,47,Louisiana-Monroe,3
Texas Christian,36,Houston,13
Texas State,77,Jackson State,34
Texas Tech,41,Tarleton State,3
Toledo,21,San Jose State,17
Tulane,21,Southern Mississippi,3
(24) UCLA,59,North Carolina Central,7
(12) Utah,31,Weber State,7
Wake Forest,27,Old Dominion,24
(8) Washington,41,Michigan State,7
(23) Washington State,64,Northern Colorado,21
West Virginia,17,Pittsburgh,6
Wisconsin,35,Georgia Southern,14
Georgia State,30,Coastal Carolina,17
Air Force,45,San Jose State,20
Boise State,34,San Diego State,31
North Carolina State,24,Virginia,21
Wisconsin,38,Purdue,17
(13) Alabama,24,(15) Mississippi,10
Arizona,21,Stanford,20
Arkansas State,44,Southern Mississippi,37
Central Michigan,34,South Alabama,30
Colorado State,31,Middle Tennessee State,23
(18) Duke,41,Connecticut,7
East Carolina,44,Gardner-Webb,0
(25) Florida,22,Charlotte,7
(4) Florida State,31,Clemson,24
Fresno State,53,Kent State,10
(1) Georgia,49,Alabama-Birmingham,21
Georgia Southern,40,Ball State,3
Georgia Tech,30,Wake Forest,16
Houston,38,Sam Houston,7
Illinois,23,Florida Atlantic,17
Indiana,29,Akron,27
Iowa State,34,Oklahoma State,27
Jacksonville State,21,Eastern Michigan,0
James Madison,45,Utah State,38
Kansas,38,Brigham Young,27
Kansas State,44,Central Florida,31
Kentucky,45,Vanderbilt,28
Liberty,38,Florida International,6
Louisiana,45,Buffalo,38
(12) Louisiana State,34,Arkansas,31
Louisville,56,Boston College,28
Marshall,24,Virginia Tech,17
Maryland,31,Michigan State,9
(20) Miami (FL),41,Temple,7
Miami (OH),62,Delaware State,20
(2) Michigan,31,Rutgers,7
Missouri,34,Memphis,27
Nebraska,28,Louisiana Tech,14
Nevada-Las Vegas,45,Texas-El Paso,28
New Mexico,34,Massachusetts,31
(17) North Carolina,41,Pittsburgh,24
Northwestern,37,Minnesota,34
Ohio,38,Bowling Green,7
(6) Ohio State,17,(9) Notre Dame,14
(16) Oklahoma,20,Cincinnati,6
Old Dominion,10,Texas A&M-Commerce,9
(10) Oregon,42,(19) Colorado,6
(7) Penn State,31,(24) Iowa,0
South Carolina,37,Mississippi State,30
South Florida,42,Rice,29
(5) Southern California,42,Arizona State,28
Syracuse,29,Army,16
(23) Tennessee,45,Texas-San Antonio,14
(3) Texas,38,Baylor,6
Texas A&M,27,Auburn,10
Texas Christian,34,Southern Methodist,17
Texas State,35,Nevada,24
Toledo,49,Western Michigan,31
Troy,27,Western Kentucky,24
Tulane,36,Nicholls State,7
Tulsa,22,Northern Illinois,14
(11) Utah,14,(22) UCLA,7
(8) Washington,59,California,32
(21) Washington State,38,(14) Oregon State,35
West Virginia,20,Texas Tech,13
Wyoming,22,Appalachian State,19
Hawaii,20,New Mexico State,17
Jacksonville State,35,Sam Houston,28
Tulsa,48,Temple,26
Western Kentucky,31,Middle Tennessee State,10
Brigham Young,35,Cincinnati,27
Louisiana Tech,24,Texas-El Paso,10
Louisville,13,North Carolina State,10
(19) Oregon State,21,(10) Utah,7
Air Force,49,San Diego State,10
(12) Alabama,40,Mississippi State,17
Appalachian State,41,Louisiana-Monroe,40
Arkansas State,52,Massachusetts,28
Baylor,36,Central Florida,35
Boston College,27,Virginia,24
Bowling Green,38,Georgia Tech,27
Buffalo,13,Akron,10
California,24,Arizona State,21
Central Michigan,26,Eastern Michigan,23
Clemson,31,Syracuse,14
Colorado State,41,Utah Tech,20
(25) Fresno State,27,Nevada,9
(1) Georgia,27,Auburn,20
Georgia Southern,38,Coastal Carolina,28
Iowa,26,Michigan State,16
James Madison,31,South Alabama,23
Kentucky,33,(22) Florida,14
Marshall,41,Old Dominion,35
Maryland,44,Indiana,17
Memphis,35,Boise State,32
Miami (OH),23,Kent State,3
(2) Michigan,45,Nebraska,7
Minnesota,35,Louisiana,24
(20) Mississippi,55,(13) Louisiana State,49
(23) Missouri,38,Vanderbilt,21
Nevada-Las Vegas,44,Hawaii,20
North Texas,45,Abilene Christian,31
(11) Notre Dame,21,(17) Duke,14
(14) Oklahoma,50,Iowa State,20
(9) Oregon,42,Stanford,6
(6) Penn State,41,Northwestern,13
Purdue,44,Illinois,19
Rice,24,East Carolina,17
Rutgers,52,Wagner,3
South Florida,44,Navy,30
(8) Southern California,48,Colorado,41
Southern Methodist,34,Charlotte,16
(21) Tennessee,41,South Carolina,20
(3) Texas,40,(24) Kansas,14
Texas A&M,34,Arkansas,22
Texas State,50,Southern Mississippi,36
Texas Tech,49,Houston,28
Toledo,35,Northern Illinois,33
Troy,28,Georgia State,7
Tulane,35,Alabama-Birmingham,23
Utah State,34,Connecticut,33
Virginia Tech,38,Pittsburgh,21
(7) Washington,31,Arizona,24
West Virginia,24,Texas Christian,21
Western Michigan,42,Ball State,24
Wyoming,35,New Mexico,26
Jacksonville State,45,Middle Tennessee State,30
New Mexico State,34,Florida International,17
Liberty,21,Sam Houston,16
Western Kentucky,35,Louisiana Tech,28
Nebraska,20,Illinois,7
Oklahoma State,29,Kansas State,21
(11) Alabama,26,Texas A&M,20
Alabama-Birmingham,56,South Florida,35
Boise State,35,San Jose State,27
Boston College,27,Army,24
Buffalo,37,Central Michigan,13
Clemson,17,Wake Forest,12
Colorado,27,Arizona State,24
Connecticut,38,Rice,31
Eastern Michigan,24,Ball State,10
Florida,38,Vanderbilt,14
Florida Atlantic,20,Tulsa,17
(5) Florida State,39,Virginia Tech,17
(1) Georgia,51,(20) Kentucky,13
Georgia Tech,23,(17) Miami (FL),20
Iowa,20,Purdue,14
Iowa State,27,Texas Christian,14
Kansas,51,Central Florida,22
Louisiana,34,Texas State,30
(23) Louisiana State,49,(21) Missouri,39
(25) Louisville,33,(10) Notre Dame,20
Miami (OH),27,Bowling Green,0
(2) Michigan,52,Minnesota,10
(16) Mississippi,27,Arkansas,20
Mississippi State,41,Western Michigan,28
Navy,27,North Texas,24
(14) North Carolina,40,Syracuse,7
North Carolina State,48,Marshall,41
Northern Illinois,55,Akron,14
Northwestern,23,Howard,20
Ohio,42,Kent State,17
(4) Ohio State,37,Maryland,17
(12) Oklahoma,34,(3) Texas,30
Old Dominion,17,Southern Mississippi,13
(15) Oregon State,52,California,40
South Alabama,55,Louisiana-Monroe,7
(9) Southern California,43,Arizona,41
Texas Tech,39,Baylor,14
Texas-San Antonio,49,Temple,34
Toledo,41,Massachusetts,24
Troy,37,Arkansas State,3
UCLA,25,(13) Washington State,17
Utah State,44,Colorado State,24
Virginia,27,William & Mary,13
Wisconsin,24,Rutgers,13
Wyoming,24,(24) Fresno State,19
Coastal Carolina,27,Appalachian State,24
Liberty,31,Jacksonville State,13
Middle Tennessee State,31,Louisiana Tech,23
New Mexico State,27,Sam Houston,13
Texas-El Paso,27,Florida International,14
Houston,41,West Virginia,39
Southern Methodist,31,East Carolina,10
Fresno State,37,Utah State,32
Stanford,46,Colorado,43
Tulane,31,Memphis,21
Air Force,34,Wyoming,27
(11) Alabama,24,Arkansas,21
Arizona,44,(19) Washington State,6
Bowling Green,24,Buffalo,14
Central Michigan,17,Akron,10
Colorado State,31,Boise State,30
(17) Duke,24,North Carolina State,3
Eastern Michigan,28,Kent State,14
Florida,41,South Carolina,39
Florida Atlantic,56,South Florida,14
(4) Florida State,41,Syracuse,3
(1) Georgia,37,Vanderbilt,20
Georgia State,41,Marshall,24
Illinois,27,Maryland,24
Iowa,15,Wisconsin,6
Iowa State,30,Cincinnati,10
James Madison,41,Georgia Southern,13
Kansas State,38,Texas Tech,21
(22) Louisiana State,48,Auburn,18
Miami (OH),34,Western Michigan,21
(2) Michigan,52,Indiana,7
Missouri,38,(24) Kentucky,21
Navy,14,Charlotte,0
Nevada-Las Vegas,45,Nevada,27
(12) North Carolina,41,(25) Miami (FL),31
North Texas,45,Temple,14
Northern Illinois,23,Ohio,13
(21) Notre Dame,48,(10) Southern California,20
(3) Ohio State,41,Purdue,7
Oklahoma State,39,(23) Kansas,32
(15) Oregon State,36,(18) UCLA,24
(6) Penn State,63,Massachusetts,0
Pittsburgh,38,(14) Louisville,21
Rutgers,27,Michigan State,24
San Diego State,41,Hawaii,34
San Jose State,52,New Mexico,24
(19) Tennessee,20,Texas A&M,13
Texas Christian,44,Brigham Young,11
Texas State,21,Louisiana-Monroe,20
Texas-San Antonio,41,Alabama-Birmingham,20
Toledo,13,Ball State,6
Troy,19,Army,0
(16) Utah,34,California,14
Virginia Tech,30,Wake Forest,13
(7) Washington,36,(8) Oregon,33
Jacksonville State,20,Western Kentucky,17
Liberty,42,Middle Tennessee State,35
South Alabama,55,Southern Mississippi,3
Florida International,33,Sam Houston,27
New Mexico State,28,Texas-El Paso,7
James Madison,20,Marshall,9
Rice,42,Tulsa,10
Southern Methodist,55,Temple,0
(22) Air Force,17,Navy,6
(11) Alabama,34,(17) Tennessee,20
Ball State,24,Central Michigan,17
Baylor,32,Cincinnati,29
Boston College,38,Georgia Tech,23
Bowling Green,41,Akron,14
Brigham Young,27,Texas Tech,14
Buffalo,24,Kent State,6
Charlotte,10,East Carolina,7
Coastal Carolina,27,Arkansas State,17
(4) Florida State,38,(16) Duke,20
Georgia Southern,38,Louisiana-Monroe,28
Georgia State,20,Louisiana,17
Kansas State,41,Texas Christian,3
(19) Louisiana State,62,Army,0
Memphis,45,Alabama-Birmingham,21
Miami (FL),28,Clemson,20
(2) Michigan,49,Michigan State,0
Minnesota,12,(24) Iowa,10
(13) Mississippi,28,Auburn,21
Mississippi State,7,Arkansas,3
(20) Missouri,34,South Carolina,12
Nebraska,17,Northwestern,9
Nevada,6,San Diego State,0
Nevada-Las Vegas,25,Colorado State,23
New Mexico,42,Hawaii,21
Northern Illinois,20,Eastern Michigan,13
Ohio,20,Western Michigan,17
(3) Ohio State,20,(7) Penn State,12
(6) Oklahoma,31,Central Florida,29
Oklahoma State,48,West Virginia,34
Old Dominion,28,Appalachian State,21
(9) Oregon,38,Washington State,24
Rutgers,31,Indiana,14
San Jose State,42,Utah State,21
South Florida,24,Connecticut,21
(8) Texas,31,Houston,24
Texas-San Antonio,36,Florida Atlantic,10
Toledo,21,Miami (OH),17
(23) Tulane,35,North Texas,28
(25) UCLA,42,Stanford,7
(14) Utah,34,(18) Southern California,32
Virginia,31,(10) North Carolina,27
Wake Forest,21,Pittsburgh,17
(5) Washington,15,Arizona State,7
Wisconsin,25,Illinois,21
Liberty,42,Western Kentucky,29
New Mexico State,27,Louisiana Tech,24
Jacksonville State,41,Florida International,16
Texas-El Paso,37,Sam Houston,34
Georgia Southern,44,Georgia State,27
Virginia Tech,38,Syracuse,10
Florida Atlantic,38,Charlotte,16
(19) Air Force,30,Colorado State,13
Appalachian State,48,Southern Mississippi,38
Arizona,27,(11) Oregon State,24
Arizona State,38,Washington State,27
Arkansas State,34,Louisiana-Monroe,24
Auburn,27,Mississippi State,13
Boise State,32,Wyoming,7
Boston College,21,Connecticut,14
Coastal Carolina,34,Marshall,6
(4) Florida State,41,Wake Forest,16
Fresno State,31,Nevada-Las Vegas,24
(1) Georgia,43,Florida,20
Georgia Tech,46,(17) North Carolina,42
Iowa State,30,Baylor,18
(25) James Madison,30,Old Dominion,27
Kansas,38,(6) Oklahoma,33
Kansas State,41,Houston,0
Louisiana,33,South Alabama,20
(18) Louisville,23,(20) Duke,0
Massachusetts,21,Army,14
Memphis,45,North Texas,42
Miami (FL),29,Virginia,26
Miami (OH),30,Ohio,16
Minnesota,27,Michigan State,12
(12) Mississippi,33,Vanderbilt,7
Nebraska,31,Purdue,14
Nevada,34,New Mexico,24
North Carolina State,24,Clemson,17
Northwestern,33,Maryland,27
(14) Notre Dame,58,Pittsburgh,7
(3) Ohio State,24,Wisconsin,10
Oklahoma State,45,Cincinnati,13
(8) Oregon,35,(13) Utah,6
(10) Penn State,33,Indiana,24
(24) Southern California,50,California,49
Southern Methodist,69,Tulsa,10
(21) Tennessee,33,Kentucky,27
(7) Texas,35,Brigham Young,6
Texas A&M,30,South Carolina,17
Texas-San Antonio,41,East Carolina,27
Troy,31,Texas State,13
(22) Tulane,30,Rice,28
(23) UCLA,28,Colorado,16
(5) Washington,42,Stanford,33
West Virginia,41,Central Florida,28
Western Michigan,45,Eastern Michigan,21
San Jose State,35,Hawaii,0
Central Michigan,37,Northern Illinois,31
Toledo,31,Buffalo,13
Akron,31,Kent State,27
Bowling Green,24,Ball State,21
Duke,24,Wake Forest,21
Texas Tech,35,Texas Christian,28
Troy,28,South Alabama,10
Boston College,17,Syracuse,10
Wyoming,24,Colorado State,15
(8) Alabama,42,(13) Louisiana State,28
Alabama-Birmingham,45,Florida Atlantic,42
Appalachian State,31,Marshall,9
Arizona,27,(20) UCLA,10
Arkansas,39,Florida,36
Arkansas State,37,Louisiana,17
Army,23,(17) Air Force,3
Auburn,31,Vanderbilt,15
Central Florida,28,Cincinnati,26
Charlotte,33,Tulsa,26
Clemson,31,(12) Notre Dame,23
Coastal Carolina,28,Old Dominion,24
(4) Florida State,24,Pittsburgh,7
Fresno State,37,Boise State,30
(1) Georgia,30,(14) Missouri,21
Georgia Tech,45,Virginia,17
Hawaii,27,Nevada,14
Houston,25,Baylor,24
Illinois,27,Minnesota,26
Indiana,20,Wisconsin,14
Iowa,10,Northwestern,7
(23) James Madison,42,Georgia State,14
(22) Kansas,28,Iowa State,21
Kentucky,24,Mississippi State,3
Liberty,56,Louisiana Tech,30
(15) Louisville,34,Virginia Tech,3
Massachusetts,31,Merrimack,21
Memphis,59,South Florida,50
(2) Michigan,41,Purdue,13
Michigan State,20,Nebraska,17
(11) Mississippi,38,Texas A&M,35
Nevada-Las Vegas,56,New Mexico,14
New Mexico State,13,Middle Tennessee State,7
North Carolina,59,Campbell,7
North Carolina State,20,Miami (FL),6
(3) Ohio State,35,Rutgers,16
Oklahoma State,27,(10) Oklahoma,24
(6) Oregon,63,California,19
(16) Oregon State,26,Colorado,19
(9) Penn State,51,Maryland,15
Sam Houston,24,Kennesaw State,21
South Carolina,38,Jacksonville State,28
Southern Methodist,36,Rice,31
Southern Mississippi,24,Louisiana-Monroe,7
Stanford,10,Washington State,7
Temple,32,Navy,18
(19) Tennessee,59,Connecticut,3
(7) Texas,33,(25) Kansas State,30
Texas State,45,Georgia Southern,24
Texas-San Antonio,37,North Texas,29
(21) Tulane,13,East Carolina,10
(18) Utah,55,Arizona State,3
Utah State,32,San Diego State,24
(5) Washington,52,(24) Southern California,42
West Virginia,37,Brigham Young,7
Western Kentucky,21,Texas-El Paso,13
Ball State,20,Northern Illinois,17
Ohio,20,Buffalo,10
Western Michigan,38,Central Michigan,28
Bowling Green,49,Kent State,19
Miami (OH),19,Akron,0
Toledo,49,Eastern Michigan,23
(11) Louisville,31,Virginia,24
Southern Mississippi,34,Louisiana,31
Nevada-Las Vegas,34,Wyoming,14
Southern Methodist,45,North Texas,21
(8) Alabama,49,Kentucky,21
Appalachian State,42,Georgia State,14
(23) Arizona,34,Colorado,31
Arizona State,17,UCLA,7
Army,17,Holy Cross,14
Auburn,48,Arkansas,10
Boise State,42,New Mexico,14
California,42,Washington State,39
Central Florida,45,(15) Oklahoma State,3
Cincinnati,24,Houston,14
Clemson,42,Georgia Tech,21
Coastal Carolina,31,Texas State,23
Colorado State,22,San Diego State,19
East Carolina,22,Florida Atlantic,7
(4) Florida State,27,Miami (FL),20
(1) Georgia,52,(10) Mississippi,17
Hawaii,27,Air Force,13
Illinois,48,Indiana,45
Iowa,22,Rutgers,0
Iowa State,45,Brigham Young,13
(21) James Madison,44,Connecticut,6
Kansas State,59,Baylor,25
(25) Liberty,38,Old Dominion,10
(18) Louisiana State,52,Florida,35
Marshall,38,Georgia Southern,33
Maryland,13,Nebraska,10
Memphis,44,Charlotte,38
(2) Michigan,24,(9) Penn State,15
Middle Tennessee State,40,Florida International,6
(16) Missouri,36,(14) Tennessee,7
Navy,31,Alabama-Birmingham,6
New Mexico State,38,Western Kentucky,29
(24) North Carolina,47,Duke,45
North Carolina State,26,Wake Forest,6
Northwestern,24,Wisconsin,10
(3) Ohio State,38,Michigan State,3
(17) Oklahoma,59,West Virginia,20
(6) Oregon,36,Southern California,27
(12) Oregon State,62,Stanford,17
Purdue,49,Minnesota,30
Sam Houston,42,Louisiana Tech,27
San Jose State,42,Fresno State,18
South Alabama,21,Arkansas State,14
South Carolina,47,Vanderbilt,6
South Florida,27,Temple,23
Syracuse,28,Pittsburgh,13
(7) Texas,29,Texas Christian,26
Texas A&M,51,Mississippi State,10
Texas Tech,16,(19) Kansas,13
Texas-San Antonio,34,Rice,14
Troy,45,Louisiana-Monroe,14
(20) Tulane,24,Tulsa,22
Utah State,41,Nevada,24
Virginia Tech,48,Boston College,22
(5) Washington,35,(13) Utah,28
Eastern Michigan,30,Akron,27
Northern Illinois,24,Western Michigan,0
Toledo,32,Bowling Green,31
Miami (OH),23,Buffalo,10
Ohio,34,Central Michigan,20
Pittsburgh,24,Boston College,16
Texas-San Antonio,49,South Florida,21
Washington State,56,Colorado,14
(8) Alabama,66,Chattanooga,10
Alabama-Birmingham,34,Temple,24
Appalachian State,26,(18) James Madison,23
(19) Arizona,42,(16) Utah,18
Arkansas,44,Florida International,20
Arkansas State,77,Texas State,31
Army,28,Coastal Carolina,21
Ball State,34,Kent State,3
Boise State,45,Utah State,10
California,27,Stanford,15
Clemson,31,(22) North Carolina,20
Colorado State,30,Nevada,20
Connecticut,31,Sacred Heart,3
(4) Florida State,58,North Alabama,13
(1) Georgia,38,(21) Tennessee,10
Georgia Tech,31,Syracuse,22
Iowa,15,Illinois,13
Jacksonville State,56,Louisiana Tech,17
(23) Kansas State,31,Kansas,27
(25) Liberty,49,Massachusetts,25
(15) Louisiana State,56,Georgia State,14
(9) Louisville,38,Miami (FL),31
(2) Michigan,31,Maryland,24
Michigan State,24,Indiana,21
Middle Tennessee State,34,Texas-El Paso,30
(13) Mississippi,35,Louisiana-Monroe,3
Mississippi State,41,Southern Mississippi,20
(11) Missouri,33,Florida,31
Navy,10,East Carolina,0
Nevada-Las Vegas,31,Air Force,27
New Mexico,25,Fresno State,17
New Mexico State,31,Auburn,10
North Carolina State,35,Virginia Tech,28
North Texas,35,Tulsa,28
Northwestern,23,Purdue,15
(20) Notre Dame,45,Wake Forest,7
(3) Ohio State,37,Minnesota,3
(14) Oklahoma,31,Brigham Young,24
(24) Oklahoma State,43,Houston,30
Old Dominion,20,Georgia Southern,17
(6) Oregon,49,Arizona State,13
(12) Penn State,27,Rutgers,6
Rice,28,Charlotte,7
San Jose State,24,San Diego State,13
South Alabama,28,Marshall,0
South Carolina,17,Kentucky,14
Southern Methodist,38,Memphis,34
(7) Texas,26,Iowa State,16
Texas A&M,38,Abilene Christian,10
Texas Christian,42,Baylor,17
Texas Tech,24,Central Florida,23
Troy,31,Louisiana,24
(17) Tulane,24,Florida Atlantic,8
UCLA,38,Southern California,20
Virginia,30,Duke,27
(5) Washington,22,(10) Oregon State,20
West Virginia,42,Cincinnati,21
Western Kentucky,28,Sam Houston,23
Wisconsin,24,Nebraska,17
Wyoming,42,Hawaii,9
Bowling Green,34,Western Michigan,10
Eastern Michigan,24,Buffalo,11
(12) Mississippi,17,Mississippi State,7
Boise State,27,Air Force,19
(20) Iowa,13,Nebraska,10
Memphis,45,Temple,21
Miami (FL),45,Boston College,20
(10) Missouri,48,Arkansas,14
Ohio,25,Akron,14
(13) Oklahoma,69,Texas Christian,45
(6) Oregon,31,(15) Oregon State,7
(11) Penn State,42,Michigan State,0
(7) Texas,57,Texas Tech,7
(23) Toledo,32,Central Michigan,17
(18) Tulane,29,Texas-San Antonio,16
Utah State,44,New Mexico,41
(8) Alabama,27,Auburn,24
Appalachian State,55,Georgia Southern,27
(16) Arizona,59,Arizona State,23
California,33,UCLA,7
Central Florida,27,Houston,13
Clemson,16,South Carolina,7
Connecticut,31,Massachusetts,18
Duke,30,Pittsburgh,19
(5) Florida State,24,Florida,15
(1) Georgia,31,Georgia Tech,23
Hawaii,27,Colorado State,24
Iowa State,42,(19) Kansas State,35
(24) James Madison,56,Coastal Carolina,14
Kansas,49,Cincinnati,16
Kentucky,38,(9) Louisville,31
(22) Liberty,42,Texas-El Paso,28
Louisiana,52,Louisiana-Monroe,21
(14) Louisiana State,42,Texas A&M,30
Marshall,35,Arkansas State,21
Maryland,42,Rutgers,24
Miami (OH),17,Ball State,15
(3) Michigan,30,(2) Ohio State,24
New Mexico State,20,Jacksonville State,17
North Carolina State,39,North Carolina,20
North Texas,45,Alabama-Birmingham,42
Northern Illinois,37,Kent State,27
Northwestern,45,Illinois,43
(17) Notre Dame,56,Stanford,23
(21) Oklahoma State,40,Brigham Young,34
Old Dominion,25,Georgia State,24
Purdue,35,Indiana,31
Rice,24,Florida Atlantic,21
Sam Houston,23,Middle Tennessee State,20
San Diego State,33,Fresno State,18
San Jose State,37,Nevada-Las Vegas,31
South Florida,48,Charlotte,14
Southern Methodist,59,Navy,14
Syracuse,35,Wake Forest,31
(25) Tennessee,48,Vanderbilt,24
Texas State,52,South Alabama,44
Troy,35,Southern Mississippi,17
Tulsa,29,East Carolina,27
Utah,23,Colorado,17
Virginia Tech,55,Virginia,17
(4) Washington,24,Washington State,21
West Virginia,34,Baylor,31
Western Kentucky,41,Florida International,28
Wisconsin,28,Minnesota,14
Wyoming,42,Nevada,6
(20) Liberty,49,New Mexico State,35
(3) Washington,34,(5) Oregon,31
(8) Alabama,27,(1) Georgia,24
Boise State,44,Nevada-Las Vegas,20
(4) Florida State,16,(15) Louisville,6
Miami (OH),23,(23) Toledo,14
(2) Michigan,26,(18) Iowa,0
(25) Southern Methodist,26,(17) Tulane,14
(7) Texas,49,(19) Oklahoma State,21
Troy,49,Appalachian State,23
Army,17,Navy,11